{
    "backgroundColor": {
        "a": 0.501960813999176,
        "b": 0.501960813999176,
        "g": 0.501960813999176,
        "hslHue": -1,
        "hslLightness": 0.501960813999176,
        "hslSaturation": 0,
        "hsvHue": -1,
        "hsvSaturation": 0,
        "hsvValue": 0.501960813999176,
        "r": 0.501960813999176,
        "valid": true
    },
    "keyColor": {
        "a": 0.501960813999176,
        "b": 0.7529411911964417,
        "g": 0.7529411911964417,
        "hslHue": -1,
        "hslLightness": 0.7529411911964417,
        "hslSaturation": 0,
        "hsvHue": -1,
        "hsvSaturation": 0,
        "hsvValue": 0.7529411911964417,
        "r": 0.7529411911964417,
        "valid": true
    },
    "locationIndex": 6,
    "stayTime": 3000,
    "textColor": {
        "a": 1,
        "b": 0,
        "g": 0,
        "hslHue": -1,
        "hslLightness": 0,
        "hslSaturation": 0,
        "hsvHue": -1,
        "hsvSaturation": 0,
        "hsvValue": 0,
        "r": 0,
        "valid": true
    }
}
